Wall time,Step,Value
1648749381.8559773,7,1.0238458116873517e-06
1648749381.8730748,8,1.0268662435919396e-06
1648749381.9879792,15,1.0482601737749064e-06
1648749382.0047874,16,1.0513525694477721e-06
1648749382.1971643,27,1.0859777148652938e-06
1648749382.2751293,32,1.102091118809767e-06
1648749382.2903142,33,1.1053423349949298e-06
1648749382.467669,43,1.1383871196812834e-06
1648749382.567832,49,1.1586863593038288e-06
1648749382.599453,51,1.1655328080451e-06
1648749382.61607,52,1.1689712664519902e-06
1648749382.6484747,54,1.1758785376514425e-06
1648749382.7091665,58,1.1898158618350863e-06
1648749382.8489823,67,1.221781644744624e-06
1648749382.9957511,76,1.2546063317131484e-06
1648749383.1678448,87,1.2959252444488811e-06
1648749383.2509482,92,1.3151537814337644e-06
1648749383.2667692,93,1.31903357214469e-06
1648749383.3000882,95,1.3268276006783708e-06
1648749383.3167636,96,1.330741838501126e-06
1648749383.4143007,102,1.3544710100177326e-06
1648749383.4611745,105,1.3664938478541444e-06
1648749383.629584,115,1.4073458487473545e-06
1648749383.6461952,116,1.4114976920609479e-06
1648749383.8075914,126,1.4536951766785933e-06
1648749383.9076679,132,1.4796167988606612e-06
1648749384.0227966,139,1.5104434396562283e-06
1648749384.0714984,142,1.523850755802414e-06
1648749384.1355207,146,1.5419124110849225e-06
1648749384.2050264,150,1.5601881386828609e-06
1648749384.2388105,152,1.5694071180405444e-06
1648749384.520963,169,1.6500002857355867e-06
1648749384.5383825,170,1.6548679013794754e-06
1648749384.5550935,171,1.659749841564917e-06
1648749384.605622,174,1.6744824051784235e-06
1648749384.6672947,178,1.69432951224735e-06
1648749384.6827295,179,1.6993278677546186e-06
1648749384.7511756,183,1.7194694237332442e-06
1648749384.766318,184,1.724542016745545e-06
1648749384.7992961,186,1.7347321090710466e-06
1648749384.9505877,195,1.78133768713451e-06
1648749385.0290127,200,1.8077686263495707e-06
1648749385.25054,214,1.8838802589016268e-06
1648749385.3617034,221,1.9231295027566375e-06
1648749385.3797174,222,1.928802930706297e-06
1648749385.48929,229,1.968988044609432e-06
1648749385.5203125,231,1.980622528208187e-06
1648749385.5356774,232,1.986465576919727e-06
1648749385.581321,235,2.0040981780766742e-06
1648749385.8006794,249,2.088475639538956e-06
1648749385.8172295,250,2.094636784022441e-06
1648749385.8491552,252,2.1070138700451935e-06
1648749385.8808618,254,2.119463943017763e-06
1648749386.0814803,267,2.202202040280099e-06
1648749386.1252599,270,2.221749582531629e-06
1648749386.1862853,274,2.2480830921267625e-06
1648749386.2774906,280,2.288169980602106e-06
1648749386.3075736,282,2.301690301464987e-06
1648749386.42913,290,2.3565760329802288e-06
1648749386.4615893,292,2.3705006242380477e-06
1648749386.6594403,305,2.463038526911987e-06
1648749386.736668,310,2.4995842977659777e-06
1648749386.8446195,317,2.5516612822684692e-06
1648749386.9390676,323,2.59716125583509e-06
1648749387.110213,334,2.682695821931702e-06
1648749387.1711478,338,2.714492893574061e-06
1648749387.3281167,348,2.7956441499554785e-06
1648749387.3576684,350,2.8121630748501047e-06
1648749387.4028172,353,2.8371250664349645e-06
1648749387.418232,354,2.84549469142803e-06
1648749387.4503396,356,2.8623082926060306e-06
1648749387.4804125,358,2.8792212560802e-06
1648749387.510839,360,2.8962342639715644e-06
1648749387.6956794,372,3.000443939527031e-06
1648749387.7887442,378,3.053946329600876e-06
1648749387.8193345,380,3.0719918413524283e-06
1648749387.9441943,388,3.145245727864676e-06
1648749387.9924822,391,3.173164031977649e-06
1648749388.0223145,393,3.191913947375724e-06
1648749388.0369666,394,3.20133040077053e-06
1648749388.0525708,395,3.21077459375374e-06
1648749388.1004925,398,3.2392745197284967e-06
1648749388.1461072,401,3.2680275126040215e-06
1648749388.3930767,417,3.4257432162121404e-06
1648749388.4110343,418,3.4358492939645657e-06
1648749388.4847589,423,3.486829427856719e-06
1648749388.517098,425,3.507432666083332e-06
1648749388.5933254,430,3.559474862413481e-06
1648749388.6407664,433,3.591070026232046e-06
1648749388.856669,447,3.7422632885864004e-06
1648749388.9498107,453,3.8089935969765065e-06
1648749389.0255315,458,3.865510279865703e-06
1648749389.057868,460,3.888350875058677e-06
1648749389.072276,461,3.899821876984788e-06
1648749389.1030402,463,3.922865289496258e-06
1648749389.1522095,466,3.957686203648336e-06
1648749390.7998188,470,4.0045952118816786e-06
1648749390.906949,477,4.088028163096169e-06
1648749391.0465806,486,4.197857833787566e-06
1648749391.077161,488,4.222662482789019e-06
1648749391.0947313,489,4.235119376971852e-06
1648749391.2191854,497,4.336109213909367e-06
1648749391.2788272,501,4.387503395264503e-06
1648749391.5565715,519,4.626421741704689e-06
1648749391.634449,524,4.695066763815703e-06
1648749391.6949937,528,4.750716016133083e-06
1648749391.7880273,534,4.835428626392968e-06
1648749391.8332267,537,4.878349500359036e-06
1648749391.8809543,540,4.921651907352498e-06
1648749391.9263144,543,4.965338121110108e-06
1648749391.9587717,545,4.994677510694601e-06
1648749391.9737887,546,5.009412234358024e-06
1648749392.004051,548,5.039012194174575e-06
1648749392.0194795,549,5.053877885075053e-06
1648749392.0671566,552,5.098737801745301e-06
1648749392.0825326,553,5.113779479870573e-06
1648749392.1905499,560,5.220321327215061e-06
1648749392.2082326,561,5.235721801000182e-06
1648749392.285258,566,5.313407655194169e-06
1648749392.4383008,576,5.472254997584969e-06
1648749392.4838626,579,5.520828381122556e-06
1648749392.5454092,583,5.586265160673065e-06
1648749392.6242254,588,5.669152415066492e-06
1648749392.653281,590,5.702650469174841e-06
1648749392.790334,599,5.855858944414649e-06
1648749392.8228202,601,5.8904606703436e-06
1648749392.8677473,604,5.942746611253824e-06
1648749392.9915586,612,6.084455890231766e-06
1648749393.211566,626,6.340626896417234e-06
1648749393.2268093,627,6.359332019201247e-06
1648749393.2736113,630,6.415780262614135e-06
1648749393.2888107,631,6.43470730210538e-06
1648749393.3680484,636,6.530183327413397e-06
1648749393.4143054,639,6.58814769849414e-06
1648749393.5074039,645,6.705624400638044e-06
1648749393.5232275,646,6.725406819896307e-06
1648749393.6005275,651,6.825196123827482e-06
1648749393.67749,656,6.926466539880494e-06
1648749393.6938617,657,6.946900157345226e-06
1648749393.771061,662,7.049975920381257e-06
1648749393.8027515,664,7.091633051459212e-06
1648749393.8182473,665,7.1125541580840945e-06
1648749393.8796375,669,7.19685658623348e-06
1648749393.9272044,672,7.260738584591309e-06
1648749393.988245,676,7.346797701757168e-06
1648749394.0208945,678,7.390208793367492e-06
1648749394.0365424,679,7.412010745611042e-06
1648749394.08319,682,7.477802228095243e-06
1648749394.1297975,685,7.544178060925333e-06
1648749394.1752968,688,7.611143246322172e-06
1648749394.2991564,696,7.792637006787118e-06
1648749394.329221,698,7.838681995053776e-06
1648749394.4859722,708,8.073024218901992e-06
1648749394.6265457,717,8.289915967907291e-06
1648749394.6573663,719,8.338899533555377e-06
1648749394.6893575,721,8.38817322801333e-06
1648749394.7206116,723,8.437737960775848e-06
1648749394.7511055,725,8.487594641337637e-06
1648749394.784198,727,8.537746907677501e-06
1648749394.92358,736,8.76712419994874e-06
1648749395.2035482,754,9.244530701835174e-06
1648749395.2200286,755,9.271802809962537e-06
1648749395.2355413,756,9.299154953623656e-06
1648749395.2958155,760,9.409374797542114e-06
1648749395.3278863,762,9.464973118156195e-06
1648749395.357816,764,9.520900675852317e-06
1648749395.4189534,768,9.633748959458899e-06
1648749395.4831853,772,9.747934200277086e-06
1648749395.5138829,774,9.805533409235068e-06
1648749395.63874,782,1.0039353583124466e-05
1648749395.6865177,785,1.012846678349888e-05
1648749395.8404255,795,1.0431263035570737e-05
1648749395.8731446,797,1.0492899491509888e-05
1648749395.918187,800,1.058603902492905e-05
1648749395.9333453,801,1.0617268344503827e-05
1648749396.0279384,807,1.0806590580614284e-05
1648749396.0743244,810,1.0902514077315573e-05
1648749396.0916855,811,1.093467744794907e-05
1648749396.121386,813,1.0999288861057721e-05
1648749396.6333208,846,1.212221832247451e-05
1648749396.6936874,850,1.2265898476471193e-05
1648749396.8152351,858,1.255838833458256e-05
1648749396.9074225,864,1.2782323210558388e-05
1648749396.9224882,865,1.2820032679883298e-05
1648749396.9536834,867,1.2895784493593965e-05
1648749396.9691327,868,1.2933827747474425e-05
1648749397.1205852,878,1.3320491234480869e-05
1648749397.1834617,882,1.347837496723514e-05
1648749397.1985958,883,1.3518137166101951e-05
1648749397.4289343,898,1.4128843758953735e-05
1648749397.646424,912,1.4723703316121828e-05
1648749397.7244108,917,1.4942169400455896e-05
1648749397.7553725,919,1.5030460417619906e-05
1648749397.8326623,924,1.5253477613441646e-05
1648749397.9710386,933,1.56632813741453e-05
1648749397.9858663,934,1.5709489161963575e-05
1648749398.0068402,935,1.5755833373987116e-05
1648749399.4760094,939,1.5942581740091555e-05
1648749399.5671947,945,1.622686249902472e-05
1648749399.6120365,948,1.6370897355955094e-05
1648749399.6594362,951,1.6516212781425565e-05
1648749399.7197456,955,1.671197242103517e-05
1648749399.7352662,956,1.6761274309828877e-05
1648749399.814004,961,1.700997381703928e-05
1648749399.9226704,968,1.736436206556391e-05
1648749399.9374564,969,1.7415588445146568e-05
1648749400.0144413,974,1.7673995898803696e-05
1648749400.1207545,981,1.8042219380731694e-05
1648749400.180925,985,1.8256068869959563e-05
1648749400.2736511,991,1.8581602489575744e-05
1648749400.3231175,994,1.8746539353742264e-05
1648749400.4302547,1001,1.9137109120492823e-05
1648749400.569233,1010,1.9651250113383867e-05
1648749400.631712,1014,1.988416988751851e-05
1648749400.7853127,1024,2.04786174435867e-05
1648749400.939879,1034,2.1090836526127532e-05
1648749401.0022094,1038,2.1340818420867436e-05
1648749401.0808008,1043,2.16574680962367e-05
1648749401.1889842,1050,2.210868478869088e-05
1648749401.2193651,1052,2.2239320969674736e-05
1648749401.2494977,1054,2.23707302211551e-05
1648749401.2815924,1056,2.2502916181110777e-05
1648749401.3145878,1058,2.2635882487520576e-05
1648749401.3441722,1060,2.2769634597352706e-05
1648749401.4224324,1065,2.3107484594220296e-05
1648749401.483254,1069,2.3381369828712195e-05
1648749401.4999945,1070,2.3450345906894654e-05
1648749401.5155115,1071,2.351952571189031e-05
1648749401.531066,1072,2.3588911062688567e-05
1648749401.561326,1074,2.3728294763714075e-05
1648749401.6088128,1077,2.393891554675065e-05
1648749401.6394901,1079,2.408036743872799e-05
1648749401.903915,1096,2.5316958272014745e-05
1648749401.9376414,1098,2.5466551960562356e-05
1648749401.9514828,1099,2.5541679860907607e-05
1648749401.981615,1101,2.569260323070921e-05
1648749402.0127902,1103,2.5844416086329147e-05
1648749402.1210384,1110,2.6382866053609177e-05
1648749402.1361103,1111,2.6460696972208098e-05
1648749402.1531963,1112,2.6538758902461268e-05
1648749402.4030342,1128,2.7819523893413134e-05
1648749402.433419,1130,2.798390414682217e-05
1648749402.5427318,1137,2.856692844943609e-05
1648749402.6815348,1146,2.933441282948479e-05
1648749402.7603786,1151,2.9769667889922857e-05
1648749402.775915,1152,2.9857490517315455e-05
1648749402.8090417,1154,3.0033914299565367e-05
1648749402.8237557,1155,3.0122517273412086e-05
1648749402.9322453,1162,3.075009590247646e-05
1648749403.0469768,1169,3.1390751246362925e-05
1648749403.157646,1176,3.204475433449261e-05
1648749403.2362034,1181,3.252022361266427e-05
1648749403.3015501,1185,3.290567474323325e-05
1648749403.444931,1194,3.378972542122938e-05
1648749403.4607866,1195,3.388940604054369e-05
1648749403.508981,1198,3.419022323214449e-05
1648749403.587662,1203,3.46975248248782e-05
1648749403.6194267,1205,3.490255039650947e-05
1648749403.6347756,1206,3.500551247270778e-05
1648749403.681857,1209,3.531623588060029e-05
1648749403.7155626,1211,3.5524913982953876e-05
1648749403.8293297,1218,3.6265049857320264e-05
1648749404.0717318,1233,3.790338814724237e-05
1648749404.3113337,1248,3.961574111599475e-05
1648749404.344525,1250,3.984982686233707e-05
1648749404.358474,1251,3.9967388147488236e-05
1648749404.6156979,1267,4.189621904515661e-05
1648749404.6324012,1268,4.201981573714875e-05
1648749404.6487854,1269,4.21437798650004e-05
1648749404.6653888,1270,4.2268107790732756e-05
1648749404.702267,1272,4.2517862311797217e-05
1648749404.7209928,1273,4.2643292545108125e-05
1648749404.8179104,1279,4.3403688323451206e-05
1648749404.8822763,1283,4.391813854454085e-05
1648749404.9301798,1286,4.430797343957238e-05
1648749405.2846804,1309,4.741395605378784e-05
1648749405.29932,1310,4.7553829062962905e-05
1648749405.3143222,1311,4.7694116801721975e-05
1648749405.3783667,1315,4.825941869057715e-05
1648749405.530822,1325,4.970216104993597e-05
1648749405.6699157,1334,5.103747025714256e-05
1648749405.7952058,1342,5.225449785939418e-05
1648749405.890049,1348,5.318627518136054e-05
1648749405.9223216,1350,5.350054561858997e-05
1648749405.937117,1351,5.3658375691156834e-05
1648749405.9523172,1352,5.381667142501101e-05
1648749406.0122411,1356,5.445454371511005e-05
1648749406.0441618,1358,5.477630838868208e-05
1648749406.1371727,1364,5.575305476668291e-05
1648749406.1827855,1367,5.6247939937748015e-05
1648749406.2128267,1369,5.65802984056063e-05
1648749406.2280815,1370,5.674721614923328e-05
1648749406.244877,1371,5.691462501999922e-05
1648749406.337481,1377,5.7929501053877175e-05
1648749406.710712,1401,6.21732251602225e-05
1648749408.3052926,1411,6.403192674042657e-05
1648749408.3391864,1413,6.441028381232172e-05
1648749408.4459858,1420,6.575222505489364e-05
1648749408.4919744,1423,6.633586599491537e-05
1648749408.6528628,1433,6.831901555415243e-05
1648749408.7147033,1437,6.912877142895013e-05
1648749408.7451794,1439,6.953724368941039e-05
1648749408.822388,1444,7.056901813484728e-05
1648749408.88513,1448,7.140544767025858e-05
1648749408.930184,1451,7.203927088994533e-05
1648749409.022322,1457,7.332384120672941e-05
1648749409.115177,1463,7.463131623808295e-05
1648749409.221746,1470,7.618620293214917e-05
1648749409.2679768,1473,7.686245953664184e-05
1648749409.298735,1475,7.731663208687678e-05
1648749409.3141387,1476,7.75447188061662e-05
1648749409.343961,1478,7.80029222369194e-05
1648749409.3586817,1479,7.823303894838318e-05
1648749409.4353986,1484,7.939383795019239e-05
1648749409.5246217,1490,8.080955012701452e-05
1648749409.5551045,1492,8.128704212140292e-05
1648749409.5709991,1493,8.152684313245118e-05
1648749409.6636882,1499,8.298059401568025e-05
1648749409.6938443,1501,8.347091352334246e-05
1648749409.8660758,1512,8.621993038104847e-05
1648749409.9736888,1519,8.801625517662615e-05
1648749410.2418733,1536,9.253612370230258e-05
1648749410.2571888,1537,9.280911035602912e-05
1648749410.3211794,1541,9.390914783580229e-05
1648749410.3516843,1543,9.446404146729037e-05
1648749410.3983812,1546,9.53025373746641e-05
1648749410.4141085,1547,9.558368765283376e-05
1648749410.443946,1549,9.614848386263475e-05
1648749410.4747708,1551,9.671661246102303e-05
1648749410.693633,1565,0.00010078862396767363
1648749410.8032346,1572,0.0001028884798870422
1648749410.8657234,1576,0.00010410797403892502
1648749410.9907165,1584,0.00010659050894901156
1648749411.0054426,1585,0.00010690496128518134
1648749411.2544572,1601,0.00011206421186216176
1648749411.286045,1603,0.00011272638948867097
1648749411.3479688,1607,0.00011406249541323632
1648749411.3633807,1608,0.00011439898662501946
1648749411.6285086,1625,0.00012027367483824492
1648749411.7535233,1633,0.0001231416972586885
1648749411.7688093,1634,0.00012350497127044946
1648749411.832934,1638,0.00012496883573476225
1648749411.8627796,1640,0.0001257072581211105
1648749412.0014305,1649,0.0001290845248149708
1648749412.035046,1651,0.00012984727800358087
1648749412.080206,1654,0.00013099984789732844
1648749412.1250255,1657,0.00013216264778748155
1648749412.142959,1658,0.00013255253725219518
1648749412.1581516,1659,0.00013294357631821185
1648749412.2529097,1665,0.00013531417062040418
1648749412.2972522,1668,0.00013651527115143836
1648749412.3274906,1670,0.00013732192746829242
1648749412.4049983,1675,0.00013935945753473788
1648749412.467168,1679,0.0001410112454323098
1648749412.511843,1682,0.00014226291386876255
1648749412.5753386,1686,0.00014394910249393433
1648749412.6048577,1688,0.0001447996764909476
1648749412.620063,1689,0.0001452268479624763
1648749412.870827,1705,0.0001522355159977451
1648749412.9655182,1711,0.00015495011757593602
1648749412.9807718,1712,0.00015540722233708948
1648749413.1042147,1720,0.0001591130276210606
1648749413.1684282,1724,0.00016099894128274173
1648749413.3131711,1733,0.00016532436711713672
1648749413.329031,1734,0.00016581208910793066
1648749413.397,1738,0.00016777741257101297
1648749413.509595,1745,0.00017127291357610375
1648749413.5255013,1746,0.0001717781851766631
1648749413.5449202,1747,0.00017228494107257575
1648749413.8241844,1764,0.00018113222904503345
1648749413.885198,1768,0.00018327913130633533
1648749413.9795132,1774,0.0001865472731878981
1648749413.9949427,1775,0.0001870976120699197
1648749414.0109322,1776,0.00018764956621453166
1648749414.3039665,1795,0.00019845158385578543
1648749414.3336625,1797,0.00019962422084063292
1648749414.3795671,1800,0.00020139614935033023
1648749414.5127,1808,0.00020619860151782632
1648749414.6011589,1813,0.00020925811259076
1648749414.670159,1817,0.0002117383701261133
1648749414.8372908,1826,0.000217426975723356
1648749414.8830867,1829,0.0002193569380324334
1648749414.8985393,1830,0.00022000406170263886
1648749414.9775016,1835,0.00022326842008624226
1648749415.007984,1837,0.00022458768216893077
1648749415.0736783,1841,0.00022724963491782546
1648749415.3086686,1854,0.0002361208462389186
1648749415.4185138,1861,0.00024104023759718984
1648749415.449316,1863,0.00024246452085208148
1648749415.5903423,1872,0.00024897861294448376
1648749415.6241949,1874,0.0002504497824702412
1648749417.160472,1878,0.00025341828586533666
1648749417.205756,1881,0.0002556677209213376
1648749417.2537553,1884,0.00025793712120503187
1648749417.284218,1886,0.0002594612305983901
1648749417.3617823,1891,0.0002633110561873764
1648749417.3911748,1893,0.0002648669178597629
1648749417.4392467,1896,0.00026721798349171877
1648749417.4683654,1898,0.0002687969245016575
1648749417.483424,1899,0.0002695899165701121
1648749417.513347,1901,0.00027118288562633097
1648749417.545221,1903,0.00027278525521978736
1648749417.620456,1908,0.00027683275402523577
1648749417.6521983,1910,0.0002784685348160565
1648749417.6965485,1913,0.0002809403231367469
1648749417.8327157,1922,0.0002884881105273962
1648749417.8667738,1924,0.00029019275098107755
1648749417.9546304,1930,0.0002953673538286239
1648749417.9714158,1931,0.00029623869340866804
1648749418.0009582,1933,0.0002979891432914883
1648749418.061221,1937,0.0003015210968442261
1648749418.0784194,1938,0.0003024105972144753
1648749418.1074135,1940,0.0003041975141968578
1648749418.1378076,1942,0.0003059949667658657
1648749418.1531644,1943,0.0003068976802751422
1648749418.2304807,1948,0.00031145132379606366
1648749418.5083423,1966,0.00032841117354109883
1648749418.6901333,1978,0.0003402277361601591
1648749418.7230775,1980,0.00034223811235278845
1648749418.8333085,1987,0.00034936837619170547
1648749419.0996068,2004,0.0003673093451652676
1648749419.1453235,2007,0.00037056973087601364
1648749419.269581,2015,0.0003794062358792871
1648749419.3455849,2020,0.00038503576070070267
1648749419.3604403,2021,0.0003861716540995985
1648749419.4078467,2024,0.0003895994450431317
1648749419.4538653,2027,0.00039305767859332263
1648749419.468968,2028,0.0003942172334063798
1648749419.5619445,2034,0.0004012467397842556
1648749419.5936966,2036,0.000403617654228583
1648749419.6089804,2037,0.00040480835014022887
1648749419.6398127,2039,0.00040720030665397644
1648749419.747886,2046,0.0004156840150244534
1648749419.7626486,2047,0.0004169103049207479
1648749419.9486098,2059,0.0004319111758377403
1648749420.0090444,2063,0.00043703048140741885
1648749420.025243,2064,0.0004383197519928217
1648749420.0865955,2068,0.00044351498945616186
1648749420.1012206,2069,0.00044482341036200523
1648749420.133788,2071,0.0004474518063943833
1648749420.1634977,2073,0.0004500957438722253
1648749420.178292,2074,0.00045142354792915285
1648749420.1931038,2075,0.0004527553101070225
1648749420.256193,2079,0.0004581216489896178
1648749420.3170424,2083,0.00046355160884559155
1648749420.3951123,2088,0.00047042962978594005
1648749420.4725184,2093,0.0004774097178597003
1648749420.5490768,2098,0.0004844933864660561
1648749420.6111543,2102,0.0004902359214611351
1648749420.6567266,2105,0.0004945874097757041
1648749420.688359,2107,0.0004975099000148475
1648749420.782006,2113,0.0005063812714070082
1648749420.9237413,2122,0.0005199857987463474
1648749420.984335,2126,0.0005261490005068481
1648749421.0922048,2133,0.0005371109000407159
1648749421.1869915,2139,0.0005466883885674179
1648749421.2520554,2143,0.000553168123587966
1648749421.3332338,2148,0.0005613758694380522
1648749421.3966653,2152,0.0005680296453647316
1648749421.412731,2153,0.0005697053857147694
1648749421.4783127,2157,0.000576457881834358
1648749421.52739,2160,0.0005815747426822782
1648749421.5440655,2161,0.0005832904716953635
1648749421.6117435,2165,0.0005902039702050388
1648749421.6931887,2170,0.000598961254581809
1648749421.8846638,2182,0.0006205125246196985
1648749422.1630864,2200,0.0006543020135723054
1648749422.3042023,2209,0.0006718806107528508
1648749422.3825428,2214,0.0006818497786298394
1648749422.413314,2216,0.0006858787382952869
1648749422.4798985,2220,0.0006940081948414445
1648749422.6513917,2231,0.0007168645388446748
1648749422.745321,2237,0.0007296473486348987
1648749422.8097293,2241,0.000738295610062778
1648749422.8595655,2244,0.0007448489777743816
1648749422.9682791,2251,0.0007603673147968948
1648749423.2916703,2270,0.0008041378459893167
1648749423.465569,2281,0.0008306211675517261
1648749423.591387,2289,0.000850427953992039
1648749423.8065898,2302,0.0008836263441480696
1648749423.938646,2310,0.0009046971099451184
1648749424.0027115,2314,0.0009154201252385974
1648749424.0858204,2319,0.000929002882912755
1648749424.1576738,2323,0.0009400140261277556
1648749424.3329494,2334,0.0009709722362458706
1648749424.364432,2336,0.0009767096489667892
1648749424.447756,2341,0.000991201726719737
1648749424.468535,2342,0.000994125846773386
1648749426.0373945,2349,0.0010148376459255815
1648749426.0527587,2350,0.0010178314987570047
1648749426.1023476,2353,0.0010268661426380277
1648749426.1176088,2354,0.0010298955021426082
1648749426.2269118,2361,0.0010513525921851397
1648749426.337909,2368,0.0010732567170634866
1648749426.4486737,2375,0.001095617190003395
1648749426.5595722,2382,0.001118443557061255
1648749426.7331145,2393,0.00115527817979455
1648749426.747917,2394,0.0011586863547563553
1648749426.763018,2395,0.0011621045414358377
1648749426.8419766,2400,0.001179347513243556
1648749426.8723412,2402,0.0011863161344081163
1648749426.9182734,2405,0.001196846249513328
1648749426.9811375,2409,0.0012110320385545492
1648749427.0116653,2411,0.0012181878555566072
1648749427.04322,2413,0.0012253860477358103
1648749427.0605435,2414,0.0012290009763091803
1648749427.0758588,2415,0.0012326266150921583
1648749427.2230113,2424,0.0012657426996156573
1648749427.2383242,2425,0.0012694767210632563
1648749427.28588,2428,0.0012807450257241726
1648749427.3166711,2430,0.0012883128365501761
1648749427.3628526,2433,0.001299748313613236
1648749427.701385,2455,0.0013867694651708007
1648749427.717751,2456,0.0013908605324104428
1648749427.7794654,2460,0.0014073458733037114
1648749427.8571248,2465,0.0014282276388257742
1648749428.0903206,2480,0.0014927504817023873
1648749428.1054988,2481,0.0014971541240811348
1648749428.1211905,2482,0.0015015709213912487
1648749428.1534264,2484,0.0015104435151442885
1648749428.2006323,2487,0.0015238507185131311
1648749428.27978,2492,0.001546461135149002
1648749428.3738663,2498,0.0015740370145067573
1648749428.4995618,2506,0.0016115710604935884
1648749428.5146503,2507,0.0016163253458216786
1648749428.5951116,2512,0.0016403078334406018
1648749428.6092257,2513,0.0016451469855383039
1648749428.6837852,2518,0.0016695570666342974
1648749428.8952694,2532,0.001739849685691297
1648749429.001408,2539,0.0017760981572791934
1648749429.033159,2541,0.0017865928821265697
1648749429.21178,2552,0.0018454320961609483
1648749429.2267003,2553,0.0018508763751015067
1648749429.7295268,2584,0.0020278519950807095
1648749429.8571439,2592,0.002076207660138607
1648749429.872499,2593,0.0020823327358812094
1648749429.8878162,2594,0.002088475739583373
1648749429.9202409,2596,0.0021008162293583155
1648749429.9357026,2597,0.002107013715431094
1648749429.9504473,2598,0.0021132295951247215
1648749430.184632,2613,0.0022086985409259796
1648749430.414561,2628,0.0023084806744009256
1648749430.4297657,2629,0.0023152907378971577
1648749430.4777267,2632,0.0023358422331511974
1648749430.5534754,2637,0.0023705007042735815
1648749430.631912,2642,0.002405673498287797
1648749430.6625435,2644,0.002419888274744153
1648749430.8574734,2656,0.002506958320736885
1648749430.9872336,2664,0.0025667387526482344
1648749431.0218694,2666,0.0025819053407758474
1648749431.100386,2671,0.002620214829221368
1648749431.3743732,2688,0.002754769753664732
1648749431.43412,2692,0.002787420991808176
1648749431.4963057,2696,0.002820459194481373
1648749431.6204398,2704,0.0028877153526991606
1648749431.6355274,2705,0.0028962341602891684
1648749431.700061,2709,0.0029305622447282076
1648749431.7941742,2715,0.002982818754389882
1648749431.8395634,2718,0.0030092953238636255
1648749431.8547945,2719,0.0030181731563061476
1648749432.0142076,2729,0.0031084029469639063
1648749432.0752537,2733,0.003145245835185051
1648749432.105018,2735,0.0031638306099921465
1648749432.1366785,2737,0.0031825252808630466
1648749432.1670828,2739,0.0032013303134590387
1648749432.181858,2740,0.0032107746228575706
1648749432.348383,2750,0.0033067623153328896
1648749432.395161,2753,0.0033361143432557583
1648749432.4739645,2758,0.0033856146037578583
1648749432.5728061,2764,0.003445985494181514
1648749432.5891395,2765,0.003456151345744729
1648749432.605019,2766,0.0034663472324609756
1648749432.63593,2768,0.0034868293441832066
1648749432.6518326,2769,0.0034971158020198345
1648749432.6845832,2771,0.003517779754474759
1648749432.715416,2773,0.003538565943017602
1648749432.795348,2778,0.003591070184484124
1648749432.8256917,2780,0.0036122892051935196
1648749432.8753815,2783,0.0036443532444536686
1648749432.8910468,2784,0.0036551044322550297
1648749432.92357,2786,0.0036767020355910063
1648749433.2292478,2805,0.003888350911438465
1648749434.896714,2816,0.004016409162431955
1648749434.926476,2818,0.004040141589939594
1648749434.941533,2819,0.004052060190588236
1648749434.9738786,2821,0.004076003562659025
1648749434.9891255,2822,0.004088027868419886
1648749435.1775913,2833,0.004222662188112736
1648749435.2078054,2835,0.004247613251209259
1648749435.2535877,2838,0.004285316914319992
1648749435.2858934,2840,0.004310638178139925
1648749435.3010666,2841,0.004323354922235012
1648749435.3474326,2844,0.00436173053458333
1648749435.396495,2847,0.0044004470109939575
1648749435.4754114,2852,0.004465739708393812
1648749435.512512,2854,0.0044921268709003925
1648749435.605394,2860,0.004572228528559208
1648749435.6713293,2864,0.004626421723514795
1648749435.6867893,2865,0.004640069790184498
1648749435.7030067,2866,0.004653758369386196
1648749435.7529957,2869,0.004695067182183266
1648749435.7687998,2870,0.004708917811512947
1648749435.8004382,2872,0.004736742004752159
1648749435.8326292,2874,0.004764731042087078
1648749435.8968408,2878,0.004821205511689186
1648749435.963604,2882,0.004878349602222443
1648749436.0088046,2885,0.004921651910990477
1648749436.024345,2886,0.004936170764267445
1648749436.0554245,2888,0.004965337924659252
1648749436.0716746,2889,0.004979986231774092
1648749436.1813674,2896,0.005083740223199129
1648749436.2118201,2898,0.005113779567182064
1648749436.2271447,2899,0.005128865595906973
1648749436.3681836,2908,0.005266658961772919
1648749436.4456847,2913,0.005344803910702467
1648749436.5390282,2919,0.005440109875053167
1648749436.5692103,2921,0.005472254939377308
1648749436.6164246,2924,0.0055208285339176655
1648749436.6314867,2925,0.005537115503102541
1648749436.6619828,2927,0.00556983333081007
1648749436.7072017,2930,0.005619273521006107
1648749436.8620563,2940,0.005787264555692673
1648749436.8771265,2941,0.005804337561130524
1648749437.0151808,2950,0.005960278213024139
1648749437.0945404,2955,0.006048714742064476
1648749437.3301666,2970,0.00632197642698884
1648749437.4397404,2977,0.006453690119087696
1648749437.4559004,2978,0.00647272914648056
1648749437.6053975,2987,0.006646626628935337
1648749437.7012136,2993,0.0067651462741196156
1648749437.720533,2994,0.006785104051232338
1648749437.8207538,3000,0.006906092632561922
1648749437.8692865,3003,0.006967393681406975
1648749438.0011141,3011,0.007133536972105503
1648749438.0319703,3013,0.007175687700510025
1648749438.065041,3015,0.007218088023364544
1648749438.111719,3018,0.007282158359885216
1648749438.190002,3023,0.007390209008008242
1648749438.205193,3024,0.007412010803818703
1648749438.3536425,3033,0.0076111434027552605
1648749438.4356685,3038,0.007724075112491846
1648749438.4863338,3041,0.007792636752128601
1648749438.5847652,3047,0.00793159194290638
1648749438.6488562,3051,0.008025601506233215
1648749438.6801472,3053,0.008073024451732635
1648749438.7106063,3055,0.00812072679400444
1648749438.9602432,3071,0.008512633852660656
1648749438.9747527,3072,0.008537746965885162
1648749438.9899986,3073,0.008562933653593063
1648749439.0341582,3076,0.008638941682875156
1648749439.157466,3084,0.008844943717122078
1648749439.1762943,3085,0.008871037513017654
1648749439.36318,3097,0.009190226905047894
1648749439.3784397,3098,0.009217338636517525
1648749439.4426293,3102,0.009326588362455368
1648749439.5116527,3106,0.009437133558094501
1648749439.5445552,3108,0.009492895565927029
1648749439.6711833,3116,0.009719260968267918
1648749439.7347357,3120,0.009834459982812405
1648749439.856588,3127,0.010039353743195534
1648749440.008875,3136,0.010309073142707348
1648749440.0382938,3138,0.010369988158345222
1648749440.0689886,3140,0.010431262664496899
1648749440.176436,3147,0.010648590512573719
1648749440.1934924,3148,0.010680004023015499
1648749440.223401,3150,0.010743111371994019
1648749440.241392,3151,0.010774804279208183
1648749440.2917788,3154,0.010870445519685745
1648749440.3087585,3155,0.01090251374989748
1648749440.4350767,3163,0.01116249244660139
1648749440.512008,3168,0.011328118853271008
1648749440.5297468,3169,0.011361537501215935
1648749440.6375742,3176,0.011598246172070503
1648749440.6991885,3180,0.01173571590334177
1648749440.8556166,3190,0.012086561881005764
1648749440.915111,3194,0.012229819782078266
1648749440.9625592,3197,0.012338375672698021
1648749441.1313844,3208,0.012744725681841373
1648749441.1785066,3211,0.012857852503657341
1648749441.254552,3216,0.013048633001744747
1648749441.3478312,3222,0.01328131090849638
1648749441.3791103,3224,0.013359787873923779
1648749441.6395984,3240,0.014004534110426903
1648749441.6713176,3242,0.014087284915149212
1648749441.6873846,3243,0.014128843322396278
1648749441.719354,3245,0.014212328940629959
1648749441.7372007,3246,0.014254256151616573
1648749441.8166375,3251,0.014465756714344025
1648749441.9855938,3261,0.014898218214511871
1648749442.0025651,3262,0.014942169189453125
1648749442.0334554,3264,0.015030460432171822
1648749442.0488777,3265,0.01507480163127184
1648749442.0972278,3268,0.015208611264824867
1648749442.2066743,3275,0.015525470487773418
1648749442.235631,3277,0.015617208555340767
1648749442.2508717,3278,0.015663281083106995
1648749443.964407,3293,0.016370898112654686
1648749444.0577843,3299,0.01666281558573246
1648749444.151496,3305,0.016959939152002335
1648749444.1827514,3307,0.01706015318632126
1648749444.2005174,3308,0.01711048185825348
1648749444.2520394,3311,0.01726236194372177
1648749444.2978146,3314,0.017415588721632957
1648749444.313357,3315,0.017466966062784195
1648749444.407265,3321,0.017778430134058
1648749444.5639746,3331,0.018309924751520157
1648749444.5795867,3332,0.018363941460847855
1648749444.6253784,3335,0.018526945263147354
1648749444.6410682,3336,0.018581602722406387
1648749444.7505972,3343,0.01896873489022255
1648749444.782333,3345,0.019080819562077522
1648749444.8442328,3349,0.019306978210806847
1648749444.8942704,3352,0.01947835274040699
1648749444.9094949,3353,0.019535815343260765
1648749444.9553611,3356,0.01970922388136387
1648749445.0498765,3362,0.020060669630765915
1648749445.129095,3367,0.02035832405090332
1648749445.2865946,3377,0.020966947078704834
1648749445.3174915,3379,0.021090837195515633
1648749445.3342693,3380,0.021153056994080544
1648749445.457296,3388,0.021657466888427734
1648749445.5037882,3391,0.021849706768989563
1648749445.6764932,3402,0.02256930246949196
1648749446.0362072,3425,0.024151407182216644
1648749446.368733,3446,0.02569260261952877
1648749446.384262,3447,0.025768397375941277
1648749446.6074033,3460,0.026774326339364052
1648749446.6587834,3463,0.027011984959244728
1648749446.7300045,3467,0.02733214944601059
1648749446.74768,3468,0.02741278149187565
1648749446.8523896,3474,0.02790159359574318
1648749446.9769092,3481,0.02848290093243122
1648749447.0152926,3483,0.028651202097535133
1648749447.0635865,3486,0.02890552207827568
1648749447.1712654,3493,0.029507745057344437
1648749447.233601,3497,0.029857490211725235
1648749447.341035,3504,0.03047954849898815
1648749447.4306285,3510,0.031023046001791954
1648749447.4776735,3513,0.03129841759800911
1648749447.50795,3515,0.03148335590958595
1648749447.692736,3527,0.032616160809993744
1648749447.7528055,3531,0.03300274908542633
1648749447.7848735,3533,0.033197756856679916
1648749448.0471225,3550,0.03490255028009415
1648749448.1094012,3554,0.035316236317157745
1648749448.2633483,3564,0.03637203574180603
1648749448.3103385,3567,0.036694884300231934
1648749448.4334192,3575,0.03756990283727646
1648749448.541619,3582,0.038352642208337784
1648749448.6691372,3590,0.03926719352602959
1648749448.7154973,3593,0.03961574286222458
1648749448.817341,3599,0.04032215103507042
1648749448.9444458,3607,0.04128366708755493
1648749448.9584699,3608,0.04140545427799225
1648749449.1130836,3618,0.04264329373836517
1648749449.143556,3620,0.04289526864886284
1648749449.2138522,3624,0.043403688818216324
1648749449.316338,3630,0.044177643954753876
1648749449.3679588,3633,0.04456978291273117
1648749449.4014978,3635,0.04483313858509064
1648749449.4183867,3636,0.04496540129184723
1648749449.4541948,3638,0.04523109644651413
1648749449.4899554,3640,0.04549835994839668
1648749449.5273757,3642,0.045767202973365784
1648749449.5732403,3645,0.046173449605703354
1648749449.6654289,3651,0.046996794641017914
1648749449.741423,3656,0.047694116830825806
1648749449.9032357,3666,0.04911996051669121
1648749449.9186323,3667,0.04926486685872078
1648749450.0797536,3677,0.050737667828798294
1648749450.3411155,3693,0.05318627506494522
1648749450.3719046,3695,0.053500544279813766
1648749450.3875794,3696,0.053658377379179
1648749450.419744,3698,0.053975436836481094
1648749450.4356768,3699,0.05413466691970825
1648749450.5200992,3704,0.054937902837991714
1648749450.568477,3707,0.055425550788640976
1648749450.6300929,3711,0.05608249083161354
1648749450.708711,3716,0.05691462382674217
1648749450.7269654,3717,0.05708252638578415
1648749450.7447295,3718,0.05725092440843582
1648749450.762111,3719,0.05741982161998749
1648749450.830863,3723,0.05810039862990379
1648749450.9094088,3728,0.05896247178316116
1648749450.9865375,3733,0.05983734130859375
1648749451.0511923,3737,0.060546569526195526
1648749451.144619,3743,0.06162621080875397
1648749451.191915,3746,0.062173228710889816
1648749452.7603388,3753,0.0634685605764389
1648749452.7917936,3755,0.06384358555078506
1648749452.9178493,3763,0.0653659850358963
1648749452.9505901,3765,0.06575222313404083
1648749453.1409202,3777,0.06811805814504623
1648749453.4926567,3799,0.07267871499061584
1648749453.5250514,3801,0.07310816645622253
1648749453.638329,3808,0.07463131844997406
1648749453.7504518,3815,0.07618620246648788
1648749453.8447065,3821,0.07754471898078918
1648749453.939915,3827,0.07892746478319168
1648749453.9568527,3828,0.07916030287742615
1648749454.083781,3836,0.08104794472455978
1648749454.098881,3837,0.08128704130649567
1648749454.2105548,3844,0.08298059552907944
1648749454.3048337,3850,0.08446026593446732
1648749454.3977857,3856,0.0859663262963295
1648749454.5987113,3869,0.08932221680879593
1648749454.6467586,3872,0.09011507034301758
1648749454.6615882,3873,0.09038092195987701
1648749454.6927118,3875,0.09091497212648392
1648749454.7547195,3879,0.09199254959821701
1648749454.7997987,3882,0.09280911087989807
1648749454.8803828,3887,0.09418618679046631
1648749454.9133537,3889,0.09474271535873413
1648749455.0924554,3900,0.09786295890808105
1648749455.1390302,3903,0.098731629550457
1648749455.264864,3911,0.10108596086502075
1648749455.3955367,3919,0.10349643230438232
1648749455.425568,3921,0.10410797595977783
1648749455.4557502,3923,0.10472314059734344
1648749455.5672019,3930,0.10690496116876602
1648749455.582954,3931,0.10722034424543381
1648749455.6780045,3937,0.10913224518299103
1648749455.7263434,3940,0.11010094732046127
1648749455.9770823,3956,0.11541443318128586
1648749456.0587437,3961,0.11712691932916641
1648749456.119163,3965,0.11851517856121063
1648749456.276534,3975,0.12205825746059418
1648749456.3086655,3977,0.122779481112957
1648749456.3237906,3978,0.12314169108867645
1648749456.4496229,3986,0.12607809901237488
1648749456.5286934,3991,0.1279488056898117
1648749456.5592463,3993,0.12870484590530396
1648749456.6104374,3996,0.12984727323055267
1648749456.6568086,3999,0.1309998482465744
1648749456.8559482,4012,0.1361137181520462
1648749456.9803638,4020,0.1393594592809677
1648749457.011713,4022,0.14018291234970093
1648749457.0754297,4026,0.14184445142745972
1648749457.121234,4029,0.14310352504253387
1648749457.1704874,4032,0.14437375962734222
1648749457.2974415,4040,0.147816464304924
1648749457.3423867,4043,0.14912854135036469
1648749457.3914244,4046,0.15045225620269775
1648749457.5535748,4056,0.1549501121044159
1648749457.7151637,4066,0.15958243608474731
1648749457.871683,4076,0.16435323655605316
1648749457.936121,4080,0.16630125045776367
1648749458.0277739,4086,0.16926665604114532
1648749458.061082,4088,0.17026683688163757
1648749458.0766432,4089,0.17076914012432098
1648749458.1220315,4092,0.17228494584560394
1648749458.1710403,4095,0.17381420731544495
1648749458.1864398,4096,0.17432698607444763
1648749458.201999,4097,0.1748412549495697
1648749458.2172205,4098,0.17535705864429474
1648749458.248832,4100,0.17639321088790894
1648749458.2807245,4102,0.177435502409935
1648749458.295975,4103,0.17795895040035248
1648749458.3422937,4106,0.1795385777950287
1648749458.3745584,4108,0.18059945106506348
1648749458.4356024,4112,0.18274003267288208
1648749458.5289464,4118,0.1859985589981079
1648749458.7313364,4131,0.19325944781303406
1648749458.8561609,4139,0.19786787033081055
1648749458.8715878,4140,0.19845159351825714
1648749458.8870645,4141,0.19903704524040222
1648749458.9338634,4144,0.20080377161502838
1648749458.9489172,4145,0.2013961523771286
1648749458.9798338,4147,0.20258617401123047
1648749459.0572155,4152,0.205592080950737
1648749459.0873044,4154,0.20680689811706543
1648749459.1167831,4156,0.2080288976430893
1648749459.1484687,4158,0.20925810933113098
1648749459.1637213,4159,0.2098754346370697
1648749459.1939318,4161,0.21111556887626648
1648749459.3181057,4169,0.21614977717399597
1648749459.3331263,4170,0.2167874425649643
1648749459.3796892,4173,0.218711718916893
1648749459.548624,4184,0.22591473162174225
1648749459.7495046,4197,0.23473383486270905
1648749459.7644475,4198,0.23542632162570953
1648749459.7970655,4200,0.23681741952896118
1648749459.967311,4211,0.24461671710014343
1648749460.001036,4213,0.24606212973594666
1648749460.0808973,4218,0.24971312284469604
1648749461.5784533,4221,0.2519296705722809
1648749461.608545,4223,0.25341829657554626
1648749461.6546035,4226,0.25566771626472473
1648749461.687118,4228,0.2571784257888794
1648749461.7330346,4231,0.25946125388145447
1648749461.7483215,4232,0.26022666692733765
1648749461.8275871,4237,0.26408782601356506
1648749461.8435752,4238,0.2648669183254242
1648749461.984792,4247,0.271982878446579
1648749462.0173268,4249,0.27358999848365784
1648749462.1559808,4258,0.28094032406806946
1648749462.2817914,4266,0.2876395583152771
1648749462.56235,4284,0.30330273509025574
1648749462.5925667,4286,0.3050949275493622
1648749462.6079679,4287,0.3059949576854706
1648749462.6384847,4289,0.30780306458473206
1648749462.6561716,4290,0.30871108174324036
1648749462.6870725,4292,0.3105352222919464
1648749462.7023869,4293,0.31145134568214417
1648749462.717383,4294,0.3123701512813568
1648749462.795527,4299,0.3170049786567688
1648749462.8887923,4305,0.32265767455101013
1648749462.9348805,4308,0.32552170753479004
1648749463.0517945,4315,0.3323037028312683
1648749463.0668972,4316,0.33328402042388916
1648749463.081939,4317,0.3342672288417816
1648749463.1288505,4320,0.3372343182563782
1648749463.2379901,4327,0.3442603349685669
1648749463.484569,4343,0.3608744144439697
1648749463.5172591,4345,0.3630067706108093
1648749463.5336714,4346,0.3640776574611664
1648749463.5476947,4347,0.36515170335769653
1648749463.5942428,4350,0.3683929443359375
1648749463.6096377,4351,0.3694797158241272
1648749463.6414874,4353,0.3716629445552826
1648749463.6565871,4354,0.3727593719959259
1648749463.6718113,4355,0.3738590478897095
1648749463.7015858,4357,0.376068115234375
1648749463.8571677,4367,0.3873108923435211
1648749463.8727312,4368,0.38845348358154297
1648749464.1333218,4385,0.40840157866477966
1648749464.2586508,4393,0.4181402325630188
1648749464.4278295,4404,0.4319112002849579
1648749464.4734375,4407,0.4357450008392334
1648749464.521514,4410,0.43961283564567566
1648749464.5508528,4412,0.44221043586730957
1648749464.673252,4420,0.45275530219078064
1648749464.6883297,4421,0.45409095287323
1648749464.7200375,4423,0.45677411556243896
1648749464.735267,4424,0.458121657371521
1648749464.794864,4428,0.4635516107082367
1648749464.8257818,4430,0.4662906527519226
1648749465.0019433,4441,0.48164740204811096
1648749465.0327716,4443,0.4844933748245239
1648749465.079695,4446,0.4887939393520355
1648749465.2191417,4455,0.5019259452819824
1648749465.234041,4456,0.5034067034721375
1648749465.2665932,4458,0.5063812732696533
1648749465.2813678,4459,0.5078750848770142
1648749465.4209936,4468,0.5215197801589966
1648749465.4362857,4469,0.523058295249939
1648749465.4519596,4470,0.524601399898529
1648749465.4672873,4471,0.5261489748954773
1648749465.5163991,4474,0.530819296836853
1648749465.5471473,4476,0.5339558124542236
1648749465.562244,4477,0.5355310440063477
1648749465.6405082,4482,0.5434770584106445
1648749465.6557353,4483,0.5450803637504578
1648749465.6705654,4484,0.546688437461853
1648749465.7027903,4486,0.5499187111854553
1648749465.7174113,4487,0.5515410304069519
1648749465.7930357,4492,0.5597246289253235
1648749465.948087,4502,0.5764579176902771
1648749465.9639368,4503,0.5781584978103638
1648749466.0569968,4509,0.5884679555892944
1648749466.0719855,4510,0.5902040004730225
1648749466.134731,4514,0.5971994400024414
1648749466.2253778,4520,0.6078484654426575
1648749466.2571104,4522,0.611440122127533
1648749466.2725022,4523,0.6132439374923706
1648749466.3185833,4526,0.6186873316764832
1648749466.3508263,4528,0.6223430633544922
1648749466.3957205,4531,0.6278672218322754
1648749466.6652195,4548,0.66010981798172
1648749466.7288504,4552,0.6679338812828064
1648749466.7912216,4556,0.6758506894111633
1648749466.8072493,4557,0.6778444647789001
1648749466.8719225,4561,0.6858787536621094
1648749466.9500825,4566,0.6960555911064148
1648749467.121399,4577,0.7189793586730957
1648749467.336995,4591,0.7492501735687256
1648749467.3520148,4592,0.7514605522155762
1648749467.3821647,4594,0.7559008002281189
1648749467.4309525,4597,0.7626104950904846
1648749467.5587876,4605,0.7807955145835876
1648749467.739479,4616,0.8065100908279419
1648749467.842372,4622,0.8208914399147034
1648749467.8875606,4625,0.8281779289245605
1648749467.936012,4628,0.8355291485786438
1648749468.0755553,4637,0.8579766750335693
1648749468.0902352,4638,0.8605077862739563
1648749468.1828015,4644,0.8758519291877747
1648749468.1980858,4645,0.8784357905387878
1648749468.2610996,4649,0.8888475894927979
1648749468.3212626,4653,0.8993827700614929
1648749468.368778,4656,0.9073660373687744
1648749468.530828,4666,0.9344922304153442
1648749468.5784416,4669,0.9427871108055115
1648749468.593129,4670,0.9455684423446655
1648749468.6086583,4671,0.9483579397201538
1648749468.6236787,4672,0.9511556625366211
1648749468.653884,4674,0.9567759037017822
1648749468.7813015,4682,0.9795909523963928
1648749468.8714228,4688,0.9970585703849792
1648749468.8849952,4689,1.0
